Subject_id,Computer_name,Block_type,Date,Session_id,Match_start,Match_end,screenshot_kill,screenshot_death,Total_kill,Total_Death,Self_kill,Different,
SBQRG,reptile_komodo,block_01,11/29/2023,b8944796-41be-f0ad-8f57-35adbb4944c5,2023-11-29 12:52:05.310171-05:00,2023-11-29 13:02:20.369341-05:00,8,4,5,0,0,50%,
SBTBT,mammal_thylacine,block_01,11/29/2023,b8944796-41be-f0ad-8f57-35adbb4944c5,2023-11-29 12:52:05.310171-05:00,2023-11-29 13:02:20.369341-05:00,14,8,7,5,0,,
SVTZM,mammal_panda,block_01,11/29/2023,b8944796-41be-f0ad-8f57-35adbb4944c5,2023-11-29 12:52:05.310171-05:00,2023-11-29 13:02:20.369341-05:00,1,5,0,2,0,,
SXVBN,reptile_gila,block_01,11/29/2023,b8944796-41be-f0ad-8f57-35adbb4944c5,2023-11-29 12:52:05.310171-05:00,2023-11-29 13:02:20.369341-05:00,5,11,2,7,0,,
SBQRG,reptile_komodo,block_02,11/29/2023,cd9f5b3e-459d-c4b2-e21f-3f9e38f88056,2023-11-29 13:16:55.523427-05:00,2023-11-29 13:27:11.089638-05:00,12,7,2,0,0,10%,
SBTBT,mammal_thylacine,block_02,11/29/2023,cd9f5b3e-459d-c4b2-e21f-3f9e38f88056,2023-11-29 13:16:55.523427-05:00,2023-11-29 13:27:11.089638-05:00,14,15,2,1,0,,
SVTZM,mammal_panda,block_02,11/29/2023,cd9f5b3e-459d-c4b2-e21f-3f9e38f88056,2023-11-29 13:16:55.523427-05:00,2023-11-29 13:27:11.089638-05:00,0,9,0,1,0,,
SXVBN,reptile_gila,block_02,11/29/2023,cd9f5b3e-459d-c4b2-e21f-3f9e38f88056,2023-11-29 13:16:55.523427-05:00,2023-11-29 13:27:11.089638-05:00,12,9,0,2,0,,
SBQRG,reptile_komodo,block_03,11/29/2023,9dad9043-4b16-3913-ef6c-b4b80700c54d,2023-11-29 13:32:35.035246-05:00,2023-11-29 13:42:51.126542-05:00,8,8,3,4,0,27%,
SBTBT,mammal_thylacine,block_03,11/29/2023,9dad9043-4b16-3913-ef6c-b4b80700c54d,2023-11-29 13:32:35.035246-05:00,2023-11-29 13:42:51.126542-05:00,18,7,6,2,0,,
SVTZM,mammal_panda,block_03,11/29/2023,9dad9043-4b16-3913-ef6c-b4b80700c54d,2023-11-29 13:32:35.035246-05:00,2023-11-29 13:42:51.126542-05:00,0,8,0,1,0,,
SXVBN,reptile_gila,block_03,11/29/2023,9dad9043-4b16-3913-ef6c-b4b80700c54d,2023-11-29 13:32:35.035246-05:00,2023-11-29 13:42:51.126542-05:00,7,10,0,2,0,,
SNMVN,reptile_gila,block_01,12/5/2023,fe7e9085-4408-f046-181c-7d8bba37b199,2023-12-05 15:34:21.887765-05:00,2023-12-05 15:45:10.826722-05:00,20,4,17,2,0,73%,
SPKZR,mammal_panda,block_01,12/5/2023,fe7e9085-4408-f046-181c-7d8bba37b199,2023-12-05 15:34:21.887765-05:00,2023-12-05 15:45:10.826722-05:00,6,23,5,18,0,,
SRKLP,reptile_komodo,block_01,12/5/2023,fe7e9085-4408-f046-181c-7d8bba37b199,2023-12-05 15:34:21.887765-05:00,2023-12-05 15:45:10.826722-05:00,19,5,12,4,0,,
STWXJ,mammal_thylacine,block_01,12/5/2023,fe7e9085-4408-f046-181c-7d8bba37b199,2023-12-05 15:34:21.887765-05:00,2023-12-05 15:45:10.826722-05:00,3,16,1,11,0,,
SNMVN,reptile_gila,block_02,12/5/2023,f6d2667c-495f-002e-285c-1a83782872c5,2023-12-05 15:51:48.409959-05:00,2023-12-05 16:05:05.932582-05:00,17,9,12,5,0,71%,
SPKZR,mammal_panda,block_02,12/5/2023,f6d2667c-495f-002e-285c-1a83782872c5,2023-12-05 15:51:48.409959-05:00,2023-12-05 16:05:05.932582-05:00,18,30,11,22,0,,
SRKLP,reptile_komodo,block_02,12/5/2023,f6d2667c-495f-002e-285c-1a83782872c5,2023-12-05 15:51:48.409959-05:00,2023-12-05 16:05:05.932582-05:00,34,10,26,7,0,,
STWXJ,mammal_thylacine,block_02,12/5/2023,f6d2667c-495f-002e-285c-1a83782872c5,2023-12-05 15:51:48.409959-05:00,2023-12-05 16:05:05.932582-05:00,1,22,1,16,0,,
SNMVN,reptile_gila,block_03,12/5/2023,ea201d76-41c0-750b-896e-2e8dbb16594f,2023-12-05 16:14:14.258391-05:00,2023-12-05 16:24:29.560367-05:00,17,7,15,3,0,70%,
SPKZR,mammal_panda,block_03,12/5/2023,ea201d76-41c0-750b-896e-2e8dbb16594f,2023-12-05 16:14:14.258391-05:00,2023-12-05 16:24:29.560367-05:00,12,23,6,16,0,,
SRKLP,reptile_komodo,block_03,12/5/2023,ea201d76-41c0-750b-896e-2e8dbb16594f,2023-12-05 16:14:14.258391-05:00,2023-12-05 16:24:29.560367-05:00,19,6,13,3,0,,
STWXJ,mammal_thylacine,block_03,12/5/2023,ea201d76-41c0-750b-896e-2e8dbb16594f,2023-12-05 16:14:14.258391-05:00,2023-12-05 16:24:29.560367-05:00,0,13,0,12,0,,
FTLD,reptile_gila,block_01,1/31/2024,9d7674db-4299-49f2-09ce-408ffebe1332,2024-01-31 15:06:02.586030-05:00,2024-01-31 15:16:18.587999-05:00,,,15,5,0,#DIV/0!,
GTYU,reptile_komodo,block_01,1/31/2024,9d7674db-4299-49f2-09ce-408ffebe1332,2024-01-31 15:06:02.586030-05:00,2024-01-31 15:16:18.587999-05:00,,,2,6,0,,
HJKL,mammal_thylacine,block_01,1/31/2024,9d7674db-4299-49f2-09ce-408ffebe1332,2024-01-31 15:06:02.586030-05:00,2024-01-31 15:16:18.587999-05:00,,,6,7,0,,
ZYXW,mammal_panda,block_01,1/31/2024,9d7674db-4299-49f2-09ce-408ffebe1332,2024-01-31 15:06:02.586030-05:00,2024-01-31 15:16:18.587999-05:00,,,5,10,0,,
FTLD,reptile_gila,block_02,1/31/2024,ff9c203a-415a-f596-d37a-289a55618e1a,2024-01-31 15:20:54.914018-05:00,2024-01-31 15:31:10.212231-05:00,,,14,3,0,#DIV/0!,
GTYU,reptile_komodo,block_02,1/31/2024,ff9c203a-415a-f596-d37a-289a55618e1a,2024-01-31 15:20:54.914018-05:00,2024-01-31 15:31:10.212231-05:00,,,6,1,0,,
HJKL,mammal_thylacine,block_02,1/31/2024,ff9c203a-415a-f596-d37a-289a55618e1a,2024-01-31 15:20:54.914018-05:00,2024-01-31 15:31:10.212231-05:00,,,2,12,0,,
ZYXW,mammal_panda,block_02,1/31/2024,ff9c203a-415a-f596-d37a-289a55618e1a,2024-01-31 15:20:54.914018-05:00,2024-01-31 15:31:10.212231-05:00,,,2,8,0,,
FTLD,reptile_gila,block_03,1/31/2024,da70cd6f-44d0-f518-f635-5fa866148670,2024-01-31 15:35:51.706503-05:00,2024-01-31 15:46:07.790447-05:00,13,11,10,9,0,79%,
GTYU,reptile_komodo,block_03,1/31/2024,da70cd6f-44d0-f518-f635-5fa866148670,2024-01-31 15:35:51.706503-05:00,2024-01-31 15:46:07.790447-05:00,14,,5,1,0,43%,
HJKL,mammal_thylacine,block_03,1/31/2024,da70cd6f-44d0-f518-f635-5fa866148670,2024-01-31 15:35:51.706503-05:00,2024-01-31 15:46:07.790447-05:00,,,6,11,0,#DIV/0!,
ZYXW,mammal_panda,block_03,1/31/2024,da70cd6f-44d0-f518-f635-5fa866148670,2024-01-31 15:35:51.706503-05:00,2024-01-31 15:46:07.790447-05:00,,,4,4,0,#DIV/0!,
FTLD,reptile_gila,block_04,1/31/2024,f8e91c5d-40a0-bbcd-4b3f-869dc7f8073a,2024-01-31 15:49:42.651635-05:00,2024-01-31 16:00:01.232420-05:00,12,,10,8,0,150%,
GTYU,reptile_komodo,block_04,1/31/2024,f8e91c5d-40a0-bbcd-4b3f-869dc7f8073a,2024-01-31 15:49:42.651635-05:00,2024-01-31 16:00:01.232420-05:00,,,8,4,0,#DIV/0!,
HJKL,mammal_thylacine,block_04,1/31/2024,f8e91c5d-40a0-bbcd-4b3f-869dc7f8073a,2024-01-31 15:49:42.651635-05:00,2024-01-31 16:00:01.232420-05:00,,,3,8,0,#DIV/0!,
ZYXW,mammal_panda,block_04,1/31/2024,f8e91c5d-40a0-bbcd-4b3f-869dc7f8073a,2024-01-31 15:49:42.651635-05:00,2024-01-31 16:00:01.232420-05:00,,,9,10,0,#DIV/0!,
LKPW,mammal_thylacine,block_01,2/21/2024,ab54cf6b-4602-187d-4dbf-308f2571bdbb,2024-02-21 11:04:33.933170-05:00,2024-02-21 11:14:51.559857-05:00,5,15,2,10,0,75%,
MTYH,reptile_gila,block_01,2/21/2024,ab54cf6b-4602-187d-4dbf-308f2571bdbb,2024-02-21 11:04:33.933170-05:00,2024-02-21 11:14:51.559857-05:00,17,7,12,4,0,,
VNPL,reptile_komodo,block_01,2/21/2024,ab54cf6b-4602-187d-4dbf-308f2571bdbb,2024-02-21 11:04:33.933170-05:00,2024-02-21 11:14:51.559857-05:00,7,7,7,6,0,,
XZPT,mammal_panda,block_01,2/21/2024,ab54cf6b-4602-187d-4dbf-308f2571bdbb,2024-02-21 11:04:33.933170-05:00,2024-02-21 11:14:51.559857-05:00,9,10,8,9,0,,
LKPW,mammal_thylacine,block_02,2/21/2024,69d133a0-4a25-7ea2-81fb-2883be8d8185,2024-02-21 11:20:37.724183-05:00,2024-02-21 11:30:54.977712-05:00,3,13,1,6,0,38%,
MTYH,reptile_gila,block_02,2/21/2024,69d133a0-4a25-7ea2-81fb-2883be8d8185,2024-02-21 11:20:37.724183-05:00,2024-02-21 11:30:54.977712-05:00,19,2,9,0,0,,
VNPL,reptile_komodo,block_02,2/21/2024,69d133a0-4a25-7ea2-81fb-2883be8d8185,2024-02-21 11:20:37.724183-05:00,2024-02-21 11:30:54.977712-05:00,11,5,3,2,0,,
XZPT,mammal_panda,block_02,2/21/2024,69d133a0-4a25-7ea2-81fb-2883be8d8185,2024-02-21 11:20:37.724183-05:00,2024-02-21 11:30:54.977712-05:00,4,17,1,6,0,,
LKPW,mammal_thylacine,block_03,2/21/2024,3ff660ba-4d88-cf89-379c-6fa45712769a,2024-02-21 11:34:24.978245-05:00,2024-02-21 11:44:41.321190-05:00,1,15,0,1,0,15%,
MTYH,reptile_gila,block_03,2/21/2024,3ff660ba-4d88-cf89-379c-6fa45712769a,2024-02-21 11:34:24.978245-05:00,2024-02-21 11:44:41.321190-05:00,19,5,5,0,0,,
VNPL,reptile_komodo,block_03,2/21/2024,3ff660ba-4d88-cf89-379c-6fa45712769a,2024-02-21 11:34:24.978245-05:00,2024-02-21 11:44:41.321190-05:00,11,5,1,0,0,,
XZPT,mammal_panda,block_03,2/21/2024,3ff660ba-4d88-cf89-379c-6fa45712769a,2024-02-21 11:34:24.978245-05:00,2024-02-21 11:44:41.321190-05:00,8,15,0,5,0,,
LKPW,mammal_thylacine,block_04,2/21/2024,87069e81-4953-3251-444b-88a144ec20b5,2024-02-21 11:48:22.906621-05:00,2024-02-21 11:58:38.671666-05:00,6,15,5,13,0,74%,
MTYH,reptile_gila,block_04,2/21/2024,87069e81-4953-3251-444b-88a144ec20b5,2024-02-21 11:48:22.906621-05:00,2024-02-21 11:58:38.671666-05:00,23,9,19,6,0,,
VNPL,reptile_komodo,block_04,2/21/2024,87069e81-4953-3251-444b-88a144ec20b5,2024-02-21 11:48:22.906621-05:00,2024-02-21 11:58:38.671666-05:00,8,14,5,10,0,,
XZPT,mammal_panda,block_04,2/21/2024,87069e81-4953-3251-444b-88a144ec20b5,2024-02-21 11:48:22.906621-05:00,2024-02-21 11:58:38.671666-05:00,17,16,11,11,0,,
PKJH,reptile_gila,block_01,2/29/2024,c5bb93cd-4cce-11d8-6d58-2e9e469acb71,2024-02-29 13:58:29.569453-05:00,2024-02-29 14:09:14.265674-05:00,18,12,1,2,0,6%,
QXZW,mammal_thylacine,block_01,2/29/2024,c5bb93cd-4cce-11d8-6d58-2e9e469acb71,2024-02-29 13:58:29.569453-05:00,2024-02-29 14:09:14.265674-05:00,14,12,1,0,0,,
WERT,reptile_komodo,block_01,2/29/2024,c5bb93cd-4cce-11d8-6d58-2e9e469acb71,2024-02-29 13:58:29.569453-05:00,2024-02-29 14:09:14.265674-05:00,6,11,0,0,0,,
ZXCV,mammal_panda,block_01,2/29/2024,c5bb93cd-4cce-11d8-6d58-2e9e469acb71,2024-02-29 13:58:29.569453-05:00,2024-02-29 14:09:14.265674-05:00,9,13,1,1,0,,
PKJH,reptile_gila,block_02,2/29/2024,719e2eb0-4197-b167-41f9-8db24f75b605,2024-02-29 14:15:19.896452-05:00,2024-02-29 14:25:38.599553-05:00,19,11,3,5,0,29%,
QXZW,mammal_thylacine,block_02,2/29/2024,719e2eb0-4197-b167-41f9-8db24f75b605,2024-02-29 14:15:19.896452-05:00,2024-02-29 14:25:38.599553-05:00,19,7,8,1,0,,
WERT,reptile_komodo,block_02,2/29/2024,719e2eb0-4197-b167-41f9-8db24f75b605,2024-02-29 14:15:19.896452-05:00,2024-02-29 14:25:38.599553-05:00,3,16,1,5,0,,
ZXCV,mammal_panda,block_02,2/29/2024,719e2eb0-4197-b167-41f9-8db24f75b605,2024-02-29 14:15:19.896452-05:00,2024-02-29 14:25:38.599553-05:00,8,15,2,3,0,,
PKJH,reptile_gila,block_03,2/29/2024,f85b8323-4ca7-ee3c-bb78-94b36cadb805,2024-02-29 14:30:09.862440-05:00,2024-02-29 14:40:26.996906-05:00,24,8,6,2,0,26%,
QXZW,mammal_thylacine,block_03,2/29/2024,f85b8323-4ca7-ee3c-bb78-94b36cadb805,2024-02-29 14:30:09.862440-05:00,2024-02-29 14:40:26.996906-05:00,7,13,2,3,1,,
WERT,reptile_komodo,block_03,2/29/2024,f85b8323-4ca7-ee3c-bb78-94b36cadb805,2024-02-29 14:30:09.862440-05:00,2024-02-29 14:40:26.996906-05:00,4,8,1,2,0,,
ZXCV,mammal_panda,block_03,2/29/2024,f85b8323-4ca7-ee3c-bb78-94b36cadb805,2024-02-29 14:30:09.862440-05:00,2024-02-29 14:40:26.996906-05:00,8,16,2,4,0,,
PKJH,reptile_gila,block_04,2/29/2024,0538e108-4c09-5ff7-ab2b-959e4a36ad6b,2024-02-29 14:44:56.836748-05:00,2024-02-29 14:55:13.438114-05:00,15,11,2,3,0,15%,
QXZW,mammal_thylacine,block_04,2/29/2024,0538e108-4c09-5ff7-ab2b-959e4a36ad6b,2024-02-29 14:44:56.836748-05:00,2024-02-29 14:55:13.438114-05:00,11,5,1,2,0,,
WERT,reptile_komodo,block_04,2/29/2024,0538e108-4c09-5ff7-ab2b-959e4a36ad6b,2024-02-29 14:44:56.836748-05:00,2024-02-29 14:55:13.438114-05:00,1,12,0,1,0,,
ZXCV,mammal_panda,block_04,2/29/2024,0538e108-4c09-5ff7-ab2b-959e4a36ad6b,2024-02-29 14:44:56.836748-05:00,2024-02-29 14:55:13.438114-05:00,12,11,3,0,0,,
DKLQ,reptile_komodo,block_01,3/5/2024,d682ff1b-4c8a-9dae-d9d5-4582be12e778,2024-03-05 13:58:16.141846-05:00,2024-03-05 14:08:31.532598-05:00,6,9,4,8,0,77%,
QAXY,mammal_thylacine,block_01,3/5/2024,d682ff1b-4c8a-9dae-d9d5-4582be12e778,2024-03-05 13:58:16.141846-05:00,2024-03-05 14:08:31.532598-05:00,9,6,8,4,0,,
RQWE,reptile_gila,block_01,3/5/2024,d682ff1b-4c8a-9dae-d9d5-4582be12e778,2024-03-05 13:58:16.141846-05:00,2024-03-05 14:08:31.532598-05:00,7,9,4,8,0,,
TYDF,mammal_panda,block_01,3/5/2024,d682ff1b-4c8a-9dae-d9d5-4582be12e778,2024-03-05 13:58:16.141846-05:00,2024-03-05 14:08:31.532598-05:00,9,7,8,4,0,,
DKLQ,reptile_komodo,block_02,3/5/2024,a8c25021-42f3-e12a-9934-d48ca28b88aa,2024-03-05 14:12:58.312074-05:00,2024-03-05 14:23:18.954013-05:00,7,16,5,13,0,77%,
QAXY,mammal_thylacine,block_02,3/5/2024,a8c25021-42f3-e12a-9934-d48ca28b88aa,2024-03-05 14:12:58.312074-05:00,2024-03-05 14:23:18.954013-05:00,15,8,11,4,0,,
RQWE,reptile_gila,block_02,3/5/2024,a8c25021-42f3-e12a-9934-d48ca28b88aa,2024-03-05 14:12:58.312074-05:00,2024-03-05 14:23:18.954013-05:00,10,12,7,10,0,,
TYDF,mammal_panda,block_02,3/5/2024,a8c25021-42f3-e12a-9934-d48ca28b88aa,2024-03-05 14:12:58.312074-05:00,2024-03-05 14:23:18.954013-05:00,13,10,12,8,0,,
DKLQ,reptile_komodo,block_03,3/5/2024,4ca89552-4100-084d-279e-7db3ac4df894,2024-03-05 14:29:03.133666-05:00,2024-03-05 14:39:18.350255-05:00,9,13,5,11,0,83%,
QAXY,mammal_thylacine,block_03,3/5/2024,4ca89552-4100-084d-279e-7db3ac4df894,2024-03-05 14:29:03.133666-05:00,2024-03-05 14:39:18.350255-05:00,14,7,13,6,0,,
RQWE,reptile_gila,block_03,3/5/2024,4ca89552-4100-084d-279e-7db3ac4df894,2024-03-05 14:29:03.133666-05:00,2024-03-05 14:39:18.350255-05:00,6,12,5,12,0,,
TYDF,mammal_panda,block_03,3/5/2024,4ca89552-4100-084d-279e-7db3ac4df894,2024-03-05 14:29:03.133666-05:00,2024-03-05 14:39:18.350255-05:00,11,8,10,4,0,,
DKLQ,reptile_komodo,block_04,3/5/2024,f74ac41e-4abb-2c24-95ba-f6bd7a3aa0c5,2024-03-05 14:42:49.125351-05:00,2024-03-05 14:53:04.736432-05:00,6,13,3,11,0,68%,
QAXY,mammal_thylacine,block_04,3/5/2024,f74ac41e-4abb-2c24-95ba-f6bd7a3aa0c5,2024-03-05 14:42:49.125351-05:00,2024-03-05 14:53:04.736432-05:00,13,6,12,3,0,,
RQWE,reptile_gila,block_04,3/5/2024,f74ac41e-4abb-2c24-95ba-f6bd7a3aa0c5,2024-03-05 14:42:49.125351-05:00,2024-03-05 14:53:04.736432-05:00,7,12,3,9,0,,
TYDF,mammal_panda,block_04,3/5/2024,f74ac41e-4abb-2c24-95ba-f6bd7a3aa0c5,2024-03-05 14:42:49.125351-05:00,2024-03-05 14:53:04.736432-05:00,12,7,8,3,0,,
JHGF,mammal_panda,block_01,3/6/2024,85a5023a-4976-0721-23b2-028c85a483dd,2024-03-06 13:26:26.617466-05:00,2024-03-06 13:36:42.000566-05:00,2,10,2,8,0,60%,
LRTB,mammal_thylacine,block_01,3/6/2024,85a5023a-4976-0721-23b2-028c85a483dd,2024-03-06 13:26:26.617466-05:00,2024-03-06 13:36:42.000566-05:00,8,10,4,4,0,,
QWRT,reptile_gila,block_01,3/6/2024,85a5023a-4976-0721-23b2-028c85a483dd,2024-03-06 13:26:26.617466-05:00,2024-03-06 13:36:42.000566-05:00,12,8,6,4,0,,
VBNM,reptile_komodo,block_01,3/6/2024,85a5023a-4976-0721-23b2-028c85a483dd,2024-03-06 13:26:26.617466-05:00,2024-03-06 13:36:42.000566-05:00,8,2,6,2,0,,
JHGF,mammal_panda,block_02,3/6/2024,32143347-4542-7282-6c5b-b7b56e6a33c5,2024-03-06 13:42:57.110688-05:00,2024-03-06 13:53:13.359943-05:00,0,15,0,3,0,28%,
LRTB,mammal_thylacine,block_02,3/6/2024,32143347-4542-7282-6c5b-b7b56e6a33c5,2024-03-06 13:42:57.110688-05:00,2024-03-06 13:53:13.359943-05:00,10,8,3,3,0,,
QWRT,reptile_gila,block_02,3/6/2024,32143347-4542-7282-6c5b-b7b56e6a33c5,2024-03-06 13:42:57.110688-05:00,2024-03-06 13:53:13.359943-05:00,8,6,2,2,0,,
VBNM,reptile_komodo,block_02,3/6/2024,32143347-4542-7282-6c5b-b7b56e6a33c5,2024-03-06 13:42:57.110688-05:00,2024-03-06 13:53:13.359943-05:00,14,4,4,1,0,,
JHGF,mammal_panda,block_03,3/6/2024,dd256e2a-4e9a-fe7f-54b8-66bfb1d5fa7e,2024-03-06 13:57:21.312206-05:00,2024-03-06 14:07:37.711329-05:00,1,19,0,8,0,45%,
LRTB,mammal_thylacine,block_03,3/6/2024,dd256e2a-4e9a-fe7f-54b8-66bfb1d5fa7e,2024-03-06 13:57:21.312206-05:00,2024-03-06 14:07:37.711329-05:00,7,18,3,9,0,,
QWRT,reptile_gila,block_03,3/6/2024,dd256e2a-4e9a-fe7f-54b8-66bfb1d5fa7e,2024-03-06 13:57:21.312206-05:00,2024-03-06 14:07:37.711329-05:00,9,7,4,3,0,,
VBNM,reptile_komodo,block_03,3/6/2024,dd256e2a-4e9a-fe7f-54b8-66bfb1d5fa7e,2024-03-06 13:57:21.312206-05:00,2024-03-06 14:07:37.711329-05:00,26,1,13,0,0,,
JHGF,mammal_panda,block_04,3/6/2024,0f012d24-4034-4c67-7810-53878af71db6,2024-03-06 14:13:40.557008-05:00,2024-03-06 14:23:56.074452-05:00,3,14,2,4,0,31%,
LRTB,mammal_thylacine,block_04,3/6/2024,0f012d24-4034-4c67-7810-53878af71db6,2024-03-06 14:13:40.557008-05:00,2024-03-06 14:23:56.074452-05:00,11,14,4,3,0,,
QWRT,reptile_gila,block_04,3/6/2024,0f012d24-4034-4c67-7810-53878af71db6,2024-03-06 14:13:40.557008-05:00,2024-03-06 14:23:56.074452-05:00,13,9,5,4,0,,
VBNM,reptile_komodo,block_04,3/6/2024,0f012d24-4034-4c67-7810-53878af71db6,2024-03-06 14:13:40.557008-05:00,2024-03-06 14:23:56.074452-05:00,14,5,2,2,0,,
LPZV,mammal_thylacine,block_01,3/13/2024,6a0b7489-4997-a37e-d69c-38ab276c14cd,2024-03-13 16:29:52.668457-04:00,2024-03-13 16:40:09.133874-04:00,5,14,3,10,0,64%,
MJUY,mammal_panda,block_01,3/13/2024,6a0b7489-4997-a37e-d69c-38ab276c14cd,2024-03-13 16:29:52.668457-04:00,2024-03-13 16:40:09.133874-04:00,5,19,2,12,0,,
UYGH,reptile_komodo,block_01,3/13/2024,6a0b7489-4997-a37e-d69c-38ab276c14cd,2024-03-13 16:29:52.668457-04:00,2024-03-13 16:40:09.133874-04:00,13,6,10,3,0,,
ZRTY,reptile_gila,block_01,3/13/2024,6a0b7489-4997-a37e-d69c-38ab276c14cd,2024-03-13 16:29:52.668457-04:00,2024-03-13 16:40:09.133874-04:00,19,4,12,2,0,,
LPZV,mammal_thylacine,block_02,3/13/2024,95b311f5-4446-507a-907e-07b9160fc694,2024-03-13 16:44:37.260606-04:00,2024-03-13 16:54:52.478340-04:00,7,14,5,11,0,68%,
MJUY,mammal_panda,block_02,3/13/2024,95b311f5-4446-507a-907e-07b9160fc694,2024-03-13 16:44:37.260606-04:00,2024-03-13 16:54:52.478340-04:00,12,10,7,6,0,,
UYGH,reptile_komodo,block_02,3/13/2024,95b311f5-4446-507a-907e-07b9160fc694,2024-03-13 16:44:37.260606-04:00,2024-03-13 16:54:52.478340-04:00,11,12,7,8,0,,
ZRTY,reptile_gila,block_02,3/13/2024,95b311f5-4446-507a-907e-07b9160fc694,2024-03-13 16:44:37.260606-04:00,2024-03-13 16:54:52.478340-04:00,12,7,10,4,0,,
LPZV,mammal_thylacine,block_03,3/13/2024,15f350b5-46bc-916a-4e48-529cd8813848,2024-03-13 16:58:46.618860-04:00,2024-03-13 17:09:03.914820-04:00,12,16,6,9,0,52%,
MJUY,mammal_panda,block_03,3/13/2024,15f350b5-46bc-916a-4e48-529cd8813848,2024-03-13 16:58:46.618860-04:00,2024-03-13 17:09:03.914820-04:00,9,12,3,7,0,,
UYGH,reptile_komodo,block_03,3/13/2024,15f350b5-46bc-916a-4e48-529cd8813848,2024-03-13 16:58:46.618860-04:00,2024-03-13 17:09:03.914820-04:00,6,14,4,7,0,,
ZRTY,reptile_gila,block_03,3/13/2024,15f350b5-46bc-916a-4e48-529cd8813848,2024-03-13 16:58:46.618860-04:00,2024-03-13 17:09:03.914820-04:00,21,7,12,2,0,,
LPZV,mammal_thylacine,block_04,3/13/2024,01c80c4d-46c8-45f5-d583-0281844f2f5d,2024-03-13 17:12:52.499283-04:00,2024-03-13 17:23:11.285143-04:00,18,14,12,7,0,61%,
MJUY,mammal_panda,block_04,3/13/2024,01c80c4d-46c8-45f5-d583-0281844f2f5d,2024-03-13 17:12:52.499283-04:00,2024-03-13 17:23:11.285143-04:00,7,15,5,9,0,,
UYGH,reptile_komodo,block_04,3/13/2024,01c80c4d-46c8-45f5-d583-0281844f2f5d,2024-03-13 17:12:52.499283-04:00,2024-03-13 17:23:11.285143-04:00,8,15,4,11,0,,
ZRTY,reptile_gila,block_04,3/13/2024,01c80c4d-46c8-45f5-d583-0281844f2f5d,2024-03-13 17:12:52.499283-04:00,2024-03-13 17:23:11.285143-04:00,21,10,12,6,0,,
JKLZ,reptile_komodo,block_01,3/14/2024,,,,21,4,,,,0%,
NMBV,reptile_gila,block_01,3/14/2024,,,,11,5,,,,,
VFTY,mammal_thylacine,block_01,3/14/2024,,,,7,16,,,,,
WZXE,mammal_panda,block_01,3/14/2024,,,,5,19,,,,,
JKLZ,reptile_komodo,block_02,3/14/2024,,,,26,5,,,,,
NMBV,reptile_gila,block_02,3/14/2024,,,,11,8,,,,,
VFTY,mammal_thylacine,block_02,3/14/2024,,,,6,21,,,,,
WZXE,mammal_panda,block_02,3/14/2024,,,,12,10,,,,,
JKLZ,reptile_komodo,block_03,3/14/2024,,,,34,0,,,,,
NMBV,reptile_gila,block_03,3/14/2024,,,,18,4,,,,,
VFTY,mammal_thylacine,block_03,3/14/2024,,,,1,29,,,,,
WZXE,mammal_panda,block_03,3/14/2024,,,,9,12,,,,,
JKLZ,reptile_komodo,block_04,3/14/2024,,,,21,3,,,,,
NMBV,reptile_gila,block_04,3/14/2024,,,,14,7,,,,,
VFTY,mammal_thylacine,block_04,3/14/2024,,,,8,18,,,,,
WZXE,mammal_panda,block_04,3/14/2024,,,,7,15,,,,,
GHJK,reptile_gila,block_01,3/26/2024,,,,,,,,,,
LPDW,mammal_panda,block_01,3/26/2024,,,,,,,,,,
MNBW,reptile_komodo,block_01,3/26/2024,,,,,,,,,,
OPKJ,mammal_thylacine,block_01,3/26/2024,,,,,,,,,,
GHJK,reptile_gila,block_02,3/26/2024,,,,12,12,,,,,
LPDW,mammal_panda,block_02,3/26/2024,,,,5,15,,,,,
MNBW,reptile_komodo,block_02,3/26/2024,,,,14,10,,,,,
OPKJ,mammal_thylacine,block_02,3/26/2024,,,,17,11,,,,,
GHJK,reptile_gila,block_03,3/26/2024,,,,14,9,,,,,
LPDW,mammal_panda,block_03,3/26/2024,,,,8,13,,,,,
MNBW,reptile_komodo,block_03,3/26/2024,,,,11,11,,,,,
OPKJ,mammal_thylacine,block_03,3/26/2024,,,,12,12,,,,,
GHJK,reptile_gila,block_04,3/26/2024,,,,15,7,,,,,
LPDW,mammal_panda,block_04,3/26/2024,,,,4,15,,,,,
MNBW,reptile_komodo,block_04,3/26/2024,,,,17,5,,,,,
OPKJ,mammal_thylacine,block_04,3/26/2024,,,,8,17,,,,,
KJHG,reptile_komodo,block_01,4/3/2024,6c8bd420-4c9d-706d-8454-94b39efeea8c,2024-04-03 15:47:26.188356-04:00,2024-04-03 15:57:43.712641-04:00,6,4,5,4,0,93%,
TYZX,reptile_gila,block_01,4/3/2024,6c8bd420-4c9d-706d-8454-94b39efeea8c,2024-04-03 15:47:26.188356-04:00,2024-04-03 15:57:43.712641-04:00,1,4,1,4,0,,
XUYP,mammal_thylacine,block_01,4/3/2024,6c8bd420-4c9d-706d-8454-94b39efeea8c,2024-04-03 15:47:26.188356-04:00,2024-04-03 15:57:43.712641-04:00,0,2,0,2,0,,
ZXWE,mammal_panda,block_01,4/3/2024,6c8bd420-4c9d-706d-8454-94b39efeea8c,2024-04-03 15:47:26.188356-04:00,2024-04-03 15:57:43.712641-04:00,8,5,8,4,0,,
KJHG,reptile_komodo,block_02,4/3/2024,d108dce9-483b-883f-c89d-ccb85c4b4452,2024-04-03 16:04:37.437835-04:00,2024-04-03 16:14:53.087238-04:00,10,11,10,11,0,100%,
TYZX,reptile_gila,block_02,4/3/2024,d108dce9-483b-883f-c89d-ccb85c4b4452,2024-04-03 16:04:37.437835-04:00,2024-04-03 16:14:53.087238-04:00,1,10,1,10,0,,
XUYP,mammal_thylacine,block_02,4/3/2024,d108dce9-483b-883f-c89d-ccb85c4b4452,2024-04-03 16:04:37.437835-04:00,2024-04-03 16:14:53.087238-04:00,1,6,1,6,0,,
ZXWE,mammal_panda,block_02,4/3/2024,d108dce9-483b-883f-c89d-ccb85c4b4452,2024-04-03 16:04:37.437835-04:00,2024-04-03 16:14:53.087238-04:00,20,5,20,5,0,,
KJHG,reptile_komodo,block_03,4/3/2024,b6fe0b45-4b33-78f5-6ba6-31bd4383eb57,2024-04-03 16:19:17.222681-04:00,2024-04-03 16:29:32.498722-04:00,11,6,11,6,0,100%,
TYZX,reptile_gila,block_03,4/3/2024,b6fe0b45-4b33-78f5-6ba6-31bd4383eb57,2024-04-03 16:19:17.222681-04:00,2024-04-03 16:29:32.498722-04:00,2,11,2,11,0,,
XUYP,mammal_thylacine,block_03,4/3/2024,b6fe0b45-4b33-78f5-6ba6-31bd4383eb57,2024-04-03 16:19:17.222681-04:00,2024-04-03 16:29:32.498722-04:00,1,7,1,7,0,,
ZXWE,mammal_panda,block_03,4/3/2024,b6fe0b45-4b33-78f5-6ba6-31bd4383eb57,2024-04-03 16:19:17.222681-04:00,2024-04-03 16:29:32.498722-04:00,16,6,16,6,0,,
KJHG,reptile_komodo,block_04,4/3/2024,f916980f-4c87-8c5d-4e73-9e8eb6e76bc1,2024-04-03 16:33:27.107973-04:00,2024-04-03 16:43:42.882746-04:00,,,17,8,0,#DIV/0!,
TYZX,reptile_gila,block_04,4/3/2024,f916980f-4c87-8c5d-4e73-9e8eb6e76bc1,2024-04-03 16:33:27.107973-04:00,2024-04-03 16:43:42.882746-04:00,,,1,10,0,#DIV/0!,
XUYP,mammal_thylacine,block_04,4/3/2024,f916980f-4c87-8c5d-4e73-9e8eb6e76bc1,2024-04-03 16:33:27.107973-04:00,2024-04-03 16:43:42.882746-04:00,,,0,11,0,#DIV/0!,
ZXWE,mammal_panda,block_04,4/3/2024,f916980f-4c87-8c5d-4e73-9e8eb6e76bc1,2024-04-03 16:33:27.107973-04:00,2024-04-03 16:43:42.882746-04:00,,,18,7,0,#DIV/0!,
CVBN,reptile_komodo,block_01,4/9/2024,81378b98-41c5-d358-1442-72be5ced37bb,2024-04-09 15:25:24.122564-04:00,2024-04-09 15:35:39.881001-04:00,9,3,9,3,0,100%,
DFGH,reptile_gila,block_01,4/9/2024,81378b98-41c5-d358-1442-72be5ced37bb,2024-04-09 15:25:24.122564-04:00,2024-04-09 15:35:39.881001-04:00,3,3,3,3,0,,
DFZX,reptile_gila,block_01,4/9/2024,9e78a544-4fad-2033-7311-4f8a28b2f34f,2024-04-09 12:45:55.566185-04:00,2024-04-09 12:56:11.552493-04:00,12,8,12,8,0,,
EDFR,mammal_panda,block_01,4/9/2024,81378b98-41c5-d358-1442-72be5ced37bb,2024-04-09 15:25:24.122564-04:00,2024-04-09 15:35:39.881001-04:00,0,4,0,4,0,,
HGFD,mammal_panda,block_01,4/9/2024,9e78a544-4fad-2033-7311-4f8a28b2f34f,2024-04-09 12:45:55.566185-04:00,2024-04-09 12:56:11.552493-04:00,3,16,3,16,0,100%,
HPLX,mammal_thylacine,block_01,4/9/2024,81378b98-41c5-d358-1442-72be5ced37bb,2024-04-09 15:25:24.122564-04:00,2024-04-09 15:35:39.881001-04:00,6,8,6,8,0,,
MJKL,mammal_thylacine,block_01,4/9/2024,9e78a544-4fad-2033-7311-4f8a28b2f34f,2024-04-09 12:45:55.566185-04:00,2024-04-09 12:56:11.552493-04:00,9,18,9,18,0,,
QPOI,reptile_komodo,block_01,4/9/2024,9e78a544-4fad-2033-7311-4f8a28b2f34f,2024-04-09 12:45:55.566185-04:00,2024-04-09 12:56:11.552493-04:00,22,4,22,4,0,,
CVBN,reptile_komodo,block_02,4/9/2024,ca5139a6-4482-929d-9f37-54910b13f6a3,2024-04-09 15:41:12.594259-04:00,2024-04-09 15:51:28.226923-04:00,,,18,6,0,,
DFGH,reptile_gila,block_02,4/9/2024,ca5139a6-4482-929d-9f37-54910b13f6a3,2024-04-09 15:41:12.594259-04:00,2024-04-09 15:51:28.226923-04:00,,,10,5,0,,
DFZX,reptile_gila,block_02,4/9/2024,505ab3c0-4bfb-f248-a0ff-53be350d22d6,2024-04-09 13:00:27.405583-04:00,2024-04-09 13:10:42.868378-04:00,,,22,9,0,,
EDFR,mammal_panda,block_02,4/9/2024,ca5139a6-4482-929d-9f37-54910b13f6a3,2024-04-09 15:41:12.594259-04:00,2024-04-09 15:51:28.226923-04:00,,,4,12,1,,
HGFD,mammal_panda,block_02,4/9/2024,505ab3c0-4bfb-f248-a0ff-53be350d22d6,2024-04-09 13:00:27.405583-04:00,2024-04-09 13:10:42.868378-04:00,,,5,18,0,,
HPLX,mammal_thylacine,block_02,4/9/2024,ca5139a6-4482-929d-9f37-54910b13f6a3,2024-04-09 15:41:12.594259-04:00,2024-04-09 15:51:28.226923-04:00,,,7,16,0,,
MJKL,mammal_thylacine,block_02,4/9/2024,505ab3c0-4bfb-f248-a0ff-53be350d22d6,2024-04-09 13:00:27.405583-04:00,2024-04-09 13:10:42.868378-04:00,,,9,21,0,,
QPOI,reptile_komodo,block_02,4/9/2024,505ab3c0-4bfb-f248-a0ff-53be350d22d6,2024-04-09 13:00:27.405583-04:00,2024-04-09 13:10:42.868378-04:00,,,17,5,0,,
CVBN,reptile_komodo,block_03,4/9/2024,b2c14a1f-48d5-3766-86db-52b27a73b13b,2024-04-09 15:57:50.375414-04:00,2024-04-09 16:08:05.546501-04:00,15,8,15,8,0,100%,
DFGH,reptile_gila,block_03,4/9/2024,b2c14a1f-48d5-3766-86db-52b27a73b13b,2024-04-09 15:57:50.375414-04:00,2024-04-09 16:08:05.546501-04:00,9,6,9,6,0,,
DFZX,reptile_gila,block_03,4/9/2024,e27612de-4620-d131-fe94-1d8df7bf34e9,2024-04-09 13:15:14.374021-04:00,2024-04-09 13:25:29.235641-04:00,20,6,20,6,0,,
EDFR,mammal_panda,block_03,4/9/2024,b2c14a1f-48d5-3766-86db-52b27a73b13b,2024-04-09 15:57:50.375414-04:00,2024-04-09 16:08:05.546501-04:00,7,9,7,9,0,,
HGFD,mammal_panda,block_03,4/9/2024,e27612de-4620-d131-fe94-1d8df7bf34e9,2024-04-09 13:15:14.374021-04:00,2024-04-09 13:25:29.235641-04:00,2,16,2,15,1,100%,
HPLX,mammal_thylacine,block_03,4/9/2024,b2c14a1f-48d5-3766-86db-52b27a73b13b,2024-04-09 15:57:50.375414-04:00,2024-04-09 16:08:05.546501-04:00,7,15,7,15,0,,
MJKL,mammal_thylacine,block_03,4/9/2024,e27612de-4620-d131-fe94-1d8df7bf34e9,2024-04-09 13:15:14.374021-04:00,2024-04-09 13:25:29.235641-04:00,7,20,7,20,0,,
QPOI,reptile_komodo,block_03,4/9/2024,e27612de-4620-d131-fe94-1d8df7bf34e9,2024-04-09 13:15:14.374021-04:00,2024-04-09 13:25:29.235641-04:00,15,3,15,3,0,,
CVBN,reptile_komodo,block_04,4/9/2024,4f300843-434e-188e-ca63-70a6fceb8f72,2024-04-09 16:13:54.698624-04:00,2024-04-09 16:24:09.941301-04:00,20,5,20,5,0,99%,
DFGH,reptile_gila,block_04,4/9/2024,4f300843-434e-188e-ca63-70a6fceb8f72,2024-04-09 16:13:54.698624-04:00,2024-04-09 16:24:09.941301-04:00,14,3,14,3,0,,
DFZX,reptile_gila,block_04,4/9/2024,5d02a094-4bec-a7f8-e7d4-979a9b28ba7c,2024-04-09 13:29:13.404374-04:00,2024-04-09 13:39:30.583512-04:00,20,13,19,12,1,,
EDFR,mammal_panda,block_04,4/9/2024,4f300843-434e-188e-ca63-70a6fceb8f72,2024-04-09 16:13:54.698624-04:00,2024-04-09 16:24:09.941301-04:00,3,14,3,14,0,,
HGFD,mammal_panda,block_04,4/9/2024,5d02a094-4bec-a7f8-e7d4-979a9b28ba7c,2024-04-09 13:29:13.404374-04:00,2024-04-09 13:39:30.583512-04:00,5,15,5,14,0,,
HPLX,mammal_thylacine,block_04,4/9/2024,4f300843-434e-188e-ca63-70a6fceb8f72,2024-04-09 16:13:54.698624-04:00,2024-04-09 16:24:09.941301-04:00,5,20,5,20,0,,
MJKL,mammal_thylacine,block_04,4/9/2024,5d02a094-4bec-a7f8-e7d4-979a9b28ba7c,2024-04-09 13:29:13.404374-04:00,2024-04-09 13:39:30.583512-04:00,15,12,15,12,0,,
QPOI,reptile_komodo,block_04,4/9/2024,5d02a094-4bec-a7f8-e7d4-979a9b28ba7c,2024-04-09 13:29:13.404374-04:00,2024-04-09 13:39:30.583512-04:00,7,8,7,8,0,,
LKMN,mammal_panda,block_01,4/10/2024,fff26c4d-43e8-7f61-fd2b-5782e7e5534a,2024-04-10 15:32:42.993256-04:00,2024-04-10 15:42:58.054943-04:00,9,18,9,18,0,100%,
MNOP,mammal_thylacine,block_01,4/10/2024,fff26c4d-43e8-7f61-fd2b-5782e7e5534a,2024-04-10 15:32:42.993256-04:00,2024-04-10 15:42:58.054943-04:00,8,12,8,12,0,,
QWER,reptile_gila,block_01,4/10/2024,fff26c4d-43e8-7f61-fd2b-5782e7e5534a,2024-04-10 15:32:42.993256-04:00,2024-04-10 15:42:58.054943-04:00,18,6,18,6,0,,
LKMN,mammal_panda,block_02,4/10/2024,5f37dd81-4a8f-f82f-c1a4-989ea7e3cc0d,2024-04-10 15:48:53.514967-04:00,2024-04-10 15:59:09.385737-04:00,12,9,11,9,0,97%,
MNOP,mammal_thylacine,block_02,4/10/2024,5f37dd81-4a8f-f82f-c1a4-989ea7e3cc0d,2024-04-10 15:48:53.514967-04:00,2024-04-10 15:59:09.385737-04:00,10,14,10,13,1,,
QWER,reptile_gila,block_02,4/10/2024,5f37dd81-4a8f-f82f-c1a4-989ea7e3cc0d,2024-04-10 15:48:53.514967-04:00,2024-04-10 15:59:09.385737-04:00,19,8,19,7,0,,
LKMN,mammal_panda,block_03,4/10/2024,39593e97-4ced-1883-561b-c1981864c0f2,2024-04-10 16:02:52.761861-04:00,2024-04-10 16:13:08.723667-04:00,,,6,11,0,#DIV/0!,
MNOP,mammal_thylacine,block_03,4/10/2024,39593e97-4ced-1883-561b-c1981864c0f2,2024-04-10 16:02:52.761861-04:00,2024-04-10 16:13:08.723667-04:00,,,8,10,0,,
QWER,reptile_gila,block_03,4/10/2024,39593e97-4ced-1883-561b-c1981864c0f2,2024-04-10 16:02:52.761861-04:00,2024-04-10 16:13:08.723667-04:00,,,14,5,0,,
LKMN,mammal_panda,block_04,4/10/2024,663178b4-4750-34d4-90da-7cb074beb55e,2024-04-10 16:17:10.545409-04:00,2024-04-10 16:27:26.081931-04:00,12,7,12,7,0,100%,
MNOP,mammal_thylacine,block_04,4/10/2024,663178b4-4750-34d4-90da-7cb074beb55e,2024-04-10 16:17:10.545409-04:00,2024-04-10 16:27:26.081931-04:00,7,14,7,14,0,,
QWER,reptile_gila,block_04,4/10/2024,663178b4-4750-34d4-90da-7cb074beb55e,2024-04-10 16:17:10.545409-04:00,2024-04-10 16:27:26.081931-04:00,14,7,14,7,0,,
BVCX,mammal_panda,block_01,4/16/2024,1263e8ef-4b1f-9a88-a07b-85971cac44ab,2024-04-16 10:57:55.237102-04:00,2024-04-16 11:08:10.982526-04:00,2,11,2,11,0,100%,
LKJH,mammal_thylacine,block_01,4/16/2024,1263e8ef-4b1f-9a88-a07b-85971cac44ab,2024-04-16 10:57:55.237102-04:00,2024-04-16 11:08:10.982526-04:00,5,11,5,11,0,,
QAZW,reptile_gila,block_01,4/16/2024,1263e8ef-4b1f-9a88-a07b-85971cac44ab,2024-04-16 10:57:55.237102-04:00,2024-04-16 11:08:10.982526-04:00,13,2,13,2,0,,
XCVH,reptile_komodo,block_01,4/16/2024,1263e8ef-4b1f-9a88-a07b-85971cac44ab,2024-04-16 10:57:55.237102-04:00,2024-04-16 11:08:10.982526-04:00,9,5,9,5,0,,
BVCX,mammal_panda,block_02,4/16/2024,6ee85647-4297-186c-24fa-c4970441459c,2024-04-16 11:12:32.018475-04:00,2024-04-16 11:22:47.387228-04:00,3,21,3,21,0,100%,
LKJH,mammal_thylacine,block_02,4/16/2024,6ee85647-4297-186c-24fa-c4970441459c,2024-04-16 11:12:32.018475-04:00,2024-04-16 11:22:47.387228-04:00,8,11,8,11,0,,
QAZW,reptile_gila,block_02,4/16/2024,6ee85647-4297-186c-24fa-c4970441459c,2024-04-16 11:12:32.018475-04:00,2024-04-16 11:22:47.387228-04:00,23,4,23,4,0,,
XCVH,reptile_komodo,block_02,4/16/2024,6ee85647-4297-186c-24fa-c4970441459c,2024-04-16 11:12:32.018475-04:00,2024-04-16 11:22:47.387228-04:00,9,7,9,7,0,,
BVCX,mammal_panda,block_03,4/16/2024,b8103d26-48b2-edb7-9cf6-febff2e0b27b,2024-04-16 11:27:04.499339-04:00,2024-04-16 11:37:19.733358-04:00,2,16,2,16,0,100%,
LKJH,mammal_thylacine,block_03,4/16/2024,b8103d26-48b2-edb7-9cf6-febff2e0b27b,2024-04-16 11:27:04.499339-04:00,2024-04-16 11:37:19.733358-04:00,5,14,5,14,0,,
QAZW,reptile_gila,block_03,4/16/2024,b8103d26-48b2-edb7-9cf6-febff2e0b27b,2024-04-16 11:27:04.499339-04:00,2024-04-16 11:37:19.733358-04:00,20,3,20,3,0,,
XCVH,reptile_komodo,block_03,4/16/2024,b8103d26-48b2-edb7-9cf6-febff2e0b27b,2024-04-16 11:27:04.499339-04:00,2024-04-16 11:37:19.733358-04:00,10,4,10,4,0,,
BVCX,mammal_panda,block_04,4/16/2024,7dcb719f-46a8-2478-bac5-4da70d64241f,2024-04-16 11:41:35.548627-04:00,2024-04-16 11:51:51.212965-04:00,4,13,4,13,0,100%,
LKJH,mammal_thylacine,block_04,4/16/2024,7dcb719f-46a8-2478-bac5-4da70d64241f,2024-04-16 11:41:35.548627-04:00,2024-04-16 11:51:51.212965-04:00,3,15,3,15,0,,
QAZW,reptile_gila,block_04,4/16/2024,7dcb719f-46a8-2478-bac5-4da70d64241f,2024-04-16 11:41:35.548627-04:00,2024-04-16 11:51:51.212965-04:00,20,4,20,4,0,,
XCVH,reptile_komodo,block_04,4/16/2024,7dcb719f-46a8-2478-bac5-4da70d64241f,2024-04-16 11:41:35.548627-04:00,2024-04-16 11:51:51.212965-04:00,8,3,8,3,0,,
BVCX,mammal_panda,baseline,,,,,,,,,,#DIV/0!,
CVBN,reptile_komodo,baseline,,,,,,,,,,#DIV/0!,
DFGH,reptile_gila,baseline,,,,,,,,,,#DIV/0!,
DFZX,reptile_gila,baseline,,,,,,,,,,#DIV/0!,
DKLQ,reptile_komodo,baseline,,,,,,,,,,#DIV/0!,
EDFR,mammal_panda,baseline,,,,,,,,,,#DIV/0!,
FTLD,reptile_gila,baseline,,,,,,,,,,#DIV/0!,
GHJK,reptile_gila,baseline,,,,,,,,,,#DIV/0!,
GTYU,reptile_komodo,baseline,,,,,,,,,,#DIV/0!,
HGFD,mammal_panda,baseline,,,,,,,,,,#DIV/0!,
HJKL,mammal_thylacine,baseline,,,,,,,,,,#DIV/0!,
HPLX,mammal_thylacine,baseline,,,,,,,,,,#DIV/0!,
JHGF,mammal_panda,baseline,,,,,,,,,,#DIV/0!,0
JKLZ,reptile_komodo,baseline,,,,,,,,,,#DIV/0!,0
KJHG,reptile_komodo,baseline,,,,,,,,,,#DIV/0!,0
LKJH,mammal_thylacine,baseline,,,,,,,,,,#DIV/0!,0
LKMN,mammal_panda,baseline,,,,,,,,,,#DIV/0!,
LKPW,mammal_thylacine,baseline,,,,,,,,,,#DIV/0!,
LPDW,mammal_panda,baseline,,,,,,,,,,#DIV/0!,
LPZV,mammal_thylacine,baseline,,,,,,,,,,#DIV/0!,
LRTB,mammal_thylacine,baseline,,,,,,,,,,#DIV/0!,
MJKL,mammal_thylacine,baseline,,,,,,,,,,#DIV/0!,
MJUY,mammal_panda,baseline,,,,,,,,,,#DIV/0!,
MNBW,reptile_komodo,baseline,,,,,,,,,,#DIV/0!,
MNOP,mammal_thylacine,baseline,,,,,,,,,,#DIV/0!,
MTYH,reptile_gila,baseline,,,,,,,,,,#DIV/0!,
NMBV,reptile_gila,baseline,,,,,,,,,,#DIV/0!,
OPKJ,mammal_thylacine,baseline,,,,,,,,,,#DIV/0!,
PKJH,reptile_gila,baseline,,,,,,,,,,#DIV/0!,
QAXY,mammal_thylacine,baseline,,,,,,,,,,#DIV/0!,
QAZW,reptile_gila,baseline,,,,,,,,,,#DIV/0!,
QPOI,reptile_komodo,baseline,,,,,,,,,,#DIV/0!,
QWER,reptile_gila,baseline,,,,,,,,,,#DIV/0!,
QWRT,reptile_gila,baseline,,,,,,,,,,#DIV/0!,
QXZW,mammal_thylacine,baseline,,,,,,,,,,#DIV/0!,
RQWE,reptile_gila,baseline,,,,,,,,,,#DIV/0!,
SBQRG,reptile_komodo,baseline,,,,,,,,,,#DIV/0!,
SBTBT,mammal_thylacine,baseline,,,,,,,,,,#DIV/0!,
SNMVN,reptile_gila,baseline,,,,,,,,,,#DIV/0!,
SPKZR,mammal_panda,baseline,,,,,,,,,,#DIV/0!,
SRKLP,reptile_komodo,baseline,,,,,,,,,,#DIV/0!,
STWXJ,mammal_thylacine,baseline,,,,,,,,,,#DIV/0!,
SVTZM,mammal_panda,baseline,,,,,,,,,,#DIV/0!,
SXVBN,reptile_gila,baseline,,,,,,,,,,#DIV/0!,
TYDF,mammal_panda,baseline,,,,,,,,,,#DIV/0!,
TYZX,reptile_gila,baseline,,,,,,,,,,#DIV/0!,
UYGH,reptile_komodo,baseline,,,,,,,,,,#DIV/0!,
VBNM,reptile_komodo,baseline,,,,,,,,,,#DIV/0!,
VFTY,mammal_thylacine,baseline,,,,,,,,,,#DIV/0!,
VNPL,reptile_komodo,baseline,,,,,,,,,,#DIV/0!,
WERT,reptile_komodo,baseline,,,,,,,,,,#DIV/0!,
WZXE,mammal_panda,baseline,,,,,,,,,,#DIV/0!,
XCVH,reptile_komodo,baseline,,,,,,,,,,#DIV/0!,
XUYP,mammal_thylacine,baseline,,,,,,,,,,#DIV/0!,
XZPT,mammal_panda,baseline,,,,,,,,,,,
ZRTY,reptile_gila,baseline,,,,,,,,,,,
ZXCV,mammal_panda,baseline,,,,,,,,,,,
ZXWE,mammal_panda,baseline,,,,,,,,,,,
ZYXW,mammal_panda,baseline,,,,,,,,,,,
